pubchem_cid,synonyms,inchi,inchi_key,molecular_formula,molecular_weight
FAM-ABLTIDE,KKGEAIYAAPFA,,,,
TAMRA-ABLTIDE,KKGEAIYAAPFA,,,,
FAM-A-TUBULIN ,ALEKDYEEVGV,,,,
FAM-ADRTIDE,LKKLTRRASFSGQ,,,,
FAM-SYNTIDE 2,PLSRTLSVSSLPGL,,,,
FAM-AMPKTIDE,LKKLTRRPSFSAQ,,,,
FAM-AUTOCAMTIDE 2,KKALRRQETVDAL,,,,
FAM-AUTOCAMTIDE 3,KKALHRQETVDAL,,,,
TAMRA-AUTOCAMTIDE 3,KKALHRQETVDAL,,,,
FAM-BLK/LYNTIDE,EFPIYDFLPAKKK,,,,
TAMRA-BLK/LYNTIDE,EFPIYDFLPAKKK,,,,
FAM-PHOSPHO-BLK/LYNTIDE,EFPI-pY-DFLPAKKK,,,,
FAM-BTKTIDE,KKVVALYDYMPMN,,,,
FAM-CDCTIDE,VSRSGLYRSPSMPENLNRPR,,,,
FAM-CDKTIDE,FLAKSFGSPNRAYKK,,,,
TAMRA-CDKTIDE,YSPTSPSYSPTSPSYSPTSPS,,,,
FAM-CHKITIDE,ALKLVRYPSFVITAK,,,,
TAMRA-CHKITIDE,ALKLVRYPSFVITAK,,,,
FAM-CHK2TIDE,AMRLERQDSIFYPK,,,,
TAMRA-CHK2TIDE,AMRLERQDSIFYPK,,,,
FAM-CKITIDE,HAAIGDDDDAYSITA,,,,
TAMRA-CK1TIDE,HAAIGDDDDAYSITA,,,,
FAM-CK2TIDE,RRRADDSDDDDD,,,,
FAM-PHOSPHO-CK2TIDE,RRRADD-pS-DDDDD,,,,
FAM-CREBTIDE,GEILSRRPSYRK,,,,
FAM-CROSSTIDE,GRPRTSSFAEG,,,,
TAMRA-CROSSTIDE,GRPRTSSFAEG,,,,
FAM-PHOSPHO-CROSSTIDE,GRPRTS-pS-FAEG,,,,
TAMRA-PHOSPHO-CROSSTIDE,GRPRTS-pS-FAEG,,,,
FAM-CSKTIDE,KKKKEEIYFFFG,,,,
FAM-EGFR,LVEPLTPSGEAPNQK,,,,
TAMRA-EGFR,LVEPLTPSGEAPNQK,,,,
FAM-EGFR,LVEPL-pT-PSGEAPNQK,,,,
FAM-ERKTIDE,IPTTPITTTYFFFK,,,,
TAMRA-P38TIDE,IPTTPITTTYFFFK,,,,
FAM-FCSRI Y-CHAIN ITAM-DERIVED PHOSPHOPEPTIDE,pY-TGLSTRNQET-pY-ETL,,,,
TAMRA-FCSRI Y-CHAIN ITAM-DERIVED PHOSPHOPEPTIDE,pY-TGLSTRNQET-pY-ETL,,,,
FAM-FORKHEAD,KKISGRLSPIMTEQ,,,,
FAM-GASTRIN,GPWLEEEEEAYGWMDFK,,,,
TAMRA-GASTRIN,KKLNRTLSVA,,,,
TAMRA-PHOSPHO-GLYCOGEN SYNTHASE,KKLNRTLSVA,,,,
TAMRA-PHOSPHO-GLYCOGEN SYNTHASE,KKLNRTL-pS-VA,,,,
FAM-PHOSPHO-GLYCOGEN SYNTHASE,KKLNRTLS-pS-VA,,,,
FAM-HISTONE H1,GGGPATPKKAKKL,,,,
TAMRA-HISTONE H1,GGGPATPKKAKKL,,,,
FAM-PHOSPHO-HISTONE H1,GGGPA-pT-PKKAKKL,,,,
FAM-LKBA,GRHDSGLDSMK,,,,
TAMRA-LKBA,GRHDSGLDSMK,,,,
FAM-LKBA,GRHDSGLD-pS-MK,,,,
FAM-IP3R,GRRESLTSFG,,,,
FAM-IRS1,KKSRGDYMTMQIG,,,,
TAMRA-IRS1,KKSRGDYMTMQIG,,,,
TAMRA-KEMPTIDE,LRRASLG,,,,
FAM-MDCTIDE,GEYAAEYADDAYAADYYAA,,,,
FAM-MLC,KKRPQRRYSNVF,,,,
FAM-NYK,IYSGDYYR,,,,
FAM-P34CDC2,KVEKIGEGTYGVV,,,,
TAMRA-P34CDC2,KVEKIGEGTYGVVYK,,,,
FAM-PHOSPHO-P34CDC2,KVEKIGEGT-pY-GVV,,,,
FAM-P38TIDE,IPTTPITTTYFFFK,,,,
FAM-PDGFRTIDE,QEEEYVFIE,,,,
FAM-PKA REGULATORY SUBUNIT,LDVPIPGRFDRRV-pS-VAAE,,,,
FAM-PKATIDE,GRTGRRNSI,,,,
TAMRA-PKATIDE,GRTGRRNSI,,,,
FAM-PHOSPHO-PKATIDE,GRTGRRN-pS-I,,,,
TAMRA-PHOSPHO-PKATIDE,GRTGRRN-pS-I,,,,
FAM-PKCA,RFARKGSLRQKNV,,,,
FAM-PKCS,ERMRPRKRQGSVRRRV,,,,
TAMRA-PKCS,ERMRPRKRQGSVRRRV,,,,
FAM-EXTENDED PLM,GTFRSSIRRLSTRRR,,,,
TAMRA-PLM,IRRLSTRRR,,,,
FAM-S6 RIBOSOMAL PROTEIN,AKRRRLSSLRA,,,,
TAMRA-S6 RIBOSOMAL PROTEIN,AKRRRLSSLRA,,,,
FAM-PHOSPHO-S6 RIBOSOMAL PROTEIN,AKRRRL-pS-pS-LRA,,,,
FAM-RPTKTIDE,AEEEYFFLF,,,,
TAMRA-ROSTIDE,KKKSPGEYVNIEFG,,,,
FAM-RS DOMAIN,GRSRSRSRSR,,,,
FAM-P38TIDE,KKRNRRLSVA,,,,
FAM-P38TIDE,GEEIYGEFD,,,,
FAM-P38TIDE,GEEPLYWSFPAKKK,,,,
FAM-SYNAPSIN L,LRRRLSDANF,,,,
FAM-A-TUBULIN ,ALQKDYENVGV,,,,
PHOSPHOPEPTIDE,ALQKD-pY-ENVGV,,,,
ULIGHT-RPS6 [PS235/S236],KRRL-pS-SSLRAS,,,,
ULIGHT-TOPO 2-ALPHA [T1342],FDEKTDDEDF,,,,
ULIGHT-TK,Y,,,,
ULIGHT-ELF4E-BP1 [T37/T46],DY-pS-TTIPGGTLFSTTTRIPG,,,,
ULIGHT-ACETYL-COA CARBOXYLASE [S79],RSAMSGLHL,,,,
ULIGHT-CDC25C [S216],YRSPSMPEN,,,,
ULIGHT-CDK1 [TYR15],GEGTYVVY,,,,
ULIGHT-HISTONE H3 [THR3],ARTKQTARKSTG,,,,
ULIGHT-HISTONE H3 [SER10],ARTKQTARKSTG,,,,
ULIGHT-GLYCOGEN SYNTHASE [S641/PS657],PASVPPSPSLSRHSSPHQ-pS-ED,,,,
ULIGHT-IRS1 [TYR983],SRGDYMTMQ,,,,
ULIGHT-JAK-1 [TYR1023],DKEYYTVKD,,,,
ULIGHT-MTOR [S2448],TRTDSYSAG,,,,
ULIGHT-P70S6K [T389],FLGFTYVAP,,,,
"ULIGHT-POIY [GLY, THR]",[EY(4:1)]n,,,,
"ULIGHT-POIY [GLY, ALA, THR]",[EAY(1:1:1)]n,,,,
ULIGHT-CREBTIDE [S133],RRPSYRK,,,,
ULIGHT-MYELIN BASIC PROTEIN,VTPRTPPP,,,,
ULIGHT-PLKTIDE [S137],PFSLLPG,,,,
ULIGHT-PKCTIDE [S225],RKGSLRQ,,,,
ULIGHT-IKAPPAB-ALPHA [S32/S36],RHDSGLDSM,,,,
